[
  {
    "user": {
      "type": "player",
      "name": "Insensato_",
      "uniqueId": "ae9fa946-0b2b-4bfd-bdb8-006e5656225f"
    },
    "time": 1724138964303,
    "type": "Profiler",
    "data": {
      "type": "url",
      "value": "https://spark.lucko.me/CisAAZz0ja"
    }
  },
  {
    "user": {
      "type": "player",
      "name": "Insensato_",
      "uniqueId": "ae9fa946-0b2b-4bfd-bdb8-006e5656225f"
    },
    "time": 1724138930495,
    "type": "Profiler (live)",
    "data": {
      "type": "url",
      "value": "https://spark.lucko.me/t20LHGXB0g"
    }
  },
  {
    "user": {
      "type": "player",
      "name": "Insensato_",
      "uniqueId": "ae9fa946-0b2b-4bfd-bdb8-006e5656225f"
    },
    "time": 1724138929498,
    "type": "Profiler (live)",
    "data": {
      "type": "url",
      "value": "https://spark.lucko.me/VIge6FCAXp"
    }
  }
]