[
    {
        "enabled": true,
        "title-enabled": false,
        "firework-enabled": true,
        "firework-color": "RED",
        "sound-enabled": true,
        "title": "&aTrivia Time!",
        "subtitle": "&eHow much is 2 + 2?",
        "message": "&5TChat &e> &aHow much is 2 + 2?",
        "time": 300,
        "keyword": "4",
        "rewards": [
            "give %winner% diamond 1",
            "say TChat > %winner% has won the game!",
            "particle explode ~ ~ ~ 0 1 0 0.05 100",
            "title %winner% subtitle {\"text\":\"You've won the game!\",\"color\":\"gold\"}",
            "title %winner% title {\"text\":\"¡WINNER!\",\"bold\":true,\"color\":\"green\"}"
        ],
        "hoverTextEnabled": true,
        "click-command": "/discord",
        "hoverText": [
            "&5TChat",
            "",
            "&e&nClick here to autocomplete"
        ],
        "sound": "BAT_DEATH"
    },
    {
        "enabled": true,
        "title-enabled": false,
        "firework-enabled": true,
        "firework-color": "RED",
        "sound-enabled": true,
        "title": "&aTrivia Time!",
        "subtitle": "&eWrite the name of an animal that has 4 legs:",
        "message": "&5TChat &e> &aWrite the name of an animal that has 4 legs:",
        "time": 300,
        "keyword": "dog",
        "rewards": [
            "give %winner% iron_sword 1",
            "say TChat > %winner% has won the game!",
            "particle explode ~ ~ ~ 0 1 0 0.05 100",
            "title %winner% subtitle {\"text\":\"You've won the game!\",\"color\":\"gold\"}",
            "title %winner% title {\"text\":\"¡WINNER!\",\"bold\":true,\"color\":\"green\"}"
        ],
        "hoverTextEnabled": true,
        "click-command": "/discord",
        "hoverText": [
            "&5TChat",
            "",
            "&e&nClick here to autocomplete"
        ],
        "sound": "BAT_DEATH"
    }
]