{"stats":{"minecraft:used":{"aether:zanite_axe":7,"minecraft:dirt":1,"simplyswords:soulrender":9,"trajanstanks:archer_item":2,"simplyswords:soulstealer":10,"minecraft:egg":1,"minecraft:stone":10,"minecraft:spruce_log":1},"minecraft:custom":{"minecraft:open_chest":2,"minecraft:time_since_rest":609827,"minecraft:crouch_one_cm":1816,"minecraft:sprint_one_cm":59600,"minecraft:play_time":701734,"minecraft:deaths":2,"minecraft:damage_taken":530,"minecraft:walk_one_cm":30411,"minecraft:sneak_time":754,"minecraft:mob_kills":10,"minecraft:jump":512,"minecraft:damage_dealt":1808,"minecraft:leave_game":5,"minecraft:time_since_death":48144,"minecraft:total_world_time":701734,"minecraft:fall_one_cm":8588,"minecraft:fly_one_cm":297260},"minecraft:picked_up":{"minecraft:arrow":3,"minecraft:bone":1,"minecraft:rotten_flesh":2,"mysticalagriculture:inferium_essence":1,"minecraft:porkchop":6,"alexsmobs:maggot":1,"minecraft:spruce_log":1,"minecraft:dirt":1,"minecraft:egg":1},"minecraft:mined":{"minecraft:large_fern":1,"minecraft:grass_block":1,"minecraft:spruce_log":1},"minecraft:killed":{"minecraft:spider":1,"minecraft:skeleton":1,"alexsmobs:orca":1,"minecraft:zombie":2,"minecraft:pig":3,"ars_nouveau:starbuncle":1,"alexsmobs:fly":1},"minecraft:killed_by":{"minecraft:phantom":1}},"DataVersion":3465}