{"stats":{"minecraft:killed_by":{"minecraft:phantom":1},"minecraft:picked_up":{"minecraft:spruce_log":1,"minecraft:dirt":1,"minecraft:egg":1},"minecraft:used":{"minecraft:dirt":1,"minecraft:egg":1,"minecraft:stone":10,"minecraft:spruce_log":1},"minecraft:custom":{"minecraft:open_chest":2,"minecraft:time_since_rest":570571,"minecraft:crouch_one_cm":167,"minecraft:sprint_one_cm":34053,"minecraft:play_time":662478,"minecraft:deaths":2,"minecraft:damage_taken":530,"minecraft:walk_one_cm":9197,"minecraft:sneak_time":99,"minecraft:jump":278,"minecraft:leave_game":4,"minecraft:time_since_death":8888,"minecraft:total_world_time":662478,"minecraft:fall_one_cm":8588,"minecraft:fly_one_cm":146405},"minecraft:mined":{"minecraft:large_fern":1,"minecraft:grass_block":1,"minecraft:spruce_log":1}},"DataVersion":3465}