{"stats":{"minecraft:used":{"minecraft:dirt":1,"simplyswords:soulrender":3,"simplyswords:soulstealer":10,"minecraft:egg":1,"minecraft:stone":10,"minecraft:spruce_log":1},"minecraft:custom":{"minecraft:open_chest":2,"minecraft:time_since_rest":597827,"minecraft:crouch_one_cm":635,"minecraft:sprint_one_cm":47090,"minecraft:play_time":689734,"minecraft:deaths":2,"minecraft:damage_taken":530,"minecraft:walk_one_cm":17494,"minecraft:sneak_time":437,"minecraft:mob_kills":3,"minecraft:jump":382,"minecraft:damage_dealt":738,"minecraft:leave_game":5,"minecraft:time_since_death":36144,"minecraft:total_world_time":689734,"minecraft:fall_one_cm":8588,"minecraft:fly_one_cm":244285},"minecraft:picked_up":{"minecraft:arrow":3,"minecraft:bone":1,"minecraft:rotten_flesh":2,"mysticalagriculture:inferium_essence":1,"minecraft:spruce_log":1,"minecraft:dirt":1,"minecraft:egg":1},"minecraft:mined":{"minecraft:large_fern":1,"minecraft:grass_block":1,"minecraft:spruce_log":1},"minecraft:killed":{"minecraft:spider":1,"minecraft:skeleton":1,"minecraft:zombie":1},"minecraft:killed_by":{"minecraft:phantom":1}},"DataVersion":3465}