{"stats":{"minecraft:killed_by":{"minecraft:phantom":1},"minecraft:used":{"minecraft:dirt":1,"minecraft:stone":10,"minecraft:spruce_log":1},"minecraft:mined":{"minecraft:large_fern":1,"minecraft:grass_block":1,"minecraft:spruce_log":1},"minecraft:picked_up":{"minecraft:spruce_log":1,"minecraft:dirt":1},"minecraft:custom":{"minecraft:jump":262,"minecraft:time_since_rest":294551,"minecraft:crouch_one_cm":167,"minecraft:deaths":2,"minecraft:damage_taken":470,"minecraft:leave_game":2,"minecraft:play_time":386458,"minecraft:sprint_one_cm":31846,"minecraft:time_since_death":0,"minecraft:walk_one_cm":8606,"minecraft:sneak_time":69,"minecraft:total_world_time":386458,"minecraft:fall_one_cm":7733,"minecraft:fly_one_cm":114188,"minecraft:open_chest":2}},"DataVersion":3465}