{"stats":{"minecraft:used":{"minecraft:dirt":1,"minecraft:stone":10,"minecraft:spruce_log":1},"minecraft:mined":{"minecraft:large_fern":1,"minecraft:grass_block":1,"minecraft:spruce_log":1},"minecraft:picked_up":{"minecraft:spruce_log":1,"minecraft:dirt":1},"minecraft:custom":{"minecraft:jump":242,"minecraft:time_since_rest":845,"minecraft:crouch_one_cm":35,"minecraft:deaths":1,"minecraft:damage_taken":260,"minecraft:leave_game":2,"minecraft:play_time":8458,"minecraft:sprint_one_cm":29795,"minecraft:time_since_death":791,"minecraft:walk_one_cm":5906,"minecraft:sneak_time":29,"minecraft:total_world_time":8458,"minecraft:fall_one_cm":7733,"minecraft:fly_one_cm":97363}},"DataVersion":3465}